,country,lat,lon,humidity,cloudiness,wind speed,max temp,city
0,ZA,-34.53,20.04,82,100,12.75,64.4,bredasdorp
1,ZA,-33.92,25.57,82,90,21.92,64.4,port elizabeth
2,US,42.6,-73.97,82,100,5.86,48.0,albany
3,CA,70.47,-68.59,72,90,16.11,14.0,clyde river
4,NG,8.93,8.6,60,46,0.67,76.93,wamba
5,RU,46.49,135.88,99,0,3.44,27.7,vostok
6,PT,38.73,-27.07,73,20,10.94,71.6,praia da vitoria
7,ZA,-33.02,27.91,93,90,8.05,62.6,east london
8,CL,-53.15,-70.92,40,20,29.97,53.6,punta arenas
9,KR,37.57,126.98,100,1,1.16,46.4,seoul
10,PF,-23.12,-134.97,85,100,18.79,75.42,rikitea
11,MY,5.41,100.34,88,20,3.36,77.0,georgetown
12,US,22.08,-159.32,88,40,6.93,75.99,kapaa
13,NZ,-35.1,173.78,97,20,2.21,60.01,kaeo
14,RU,69.49,88.4,84,40,1.59,1.4,talnakh
15,AR,-54.8,-68.3,51,40,13.87,57.2,ushuaia
16,NA,-22.12,14.28,90,0,1.01,57.99,henties bay
17,BR,-26.07,-53.73,68,100,7.2,76.1,santo antonio do sudoeste
18,RU,53.57,142.95,84,93,11.14,39.52,okha
19,LY,31.67,20.25,68,0,5.59,69.76,suluq
20,US,42.25,-75.83,87,90,5.82,57.0,broome
21,JP,34.67,138.95,90,17,8.84,54.0,shimoda
22,MW,-11.61,34.29,72,35,5.77,77.29,nkhata bay
23,PT,38.52,-28.7,88,40,17.22,69.8,ribeira grande
24,IN,12.63,80.17,88,75,8.5,80.6,mamallapuram
25,US,57.05,-135.33,87,90,5.82,51.8,sitka
26,ZA,-34.42,19.23,85,100,5.01,64.0,hermanus
27,TO,-21.2,-175.2,88,40,8.05,71.6,vaini
28,IS,63.44,-20.27,81,40,23.04,42.8,vestmannaeyjar
29,CL,-35.33,-72.42,55,5,17.29,59.56,constitucion
30,SS,7.7,28.0,76,100,0.92,74.66,waw
31,AU,-33.65,115.33,74,8,5.95,57.0,busselton
32,US,37.1,-113.58,20,1,29.97,46.0,saint george
33,IR,32.99,47.42,27,0,10.6,62.55,abdanan
34,US,37.27,-76.71,88,90,5.68,64.4,williamsburg
35,LK,6.12,81.12,94,40,2.24,78.8,hambantota
36,AU,-42.78,147.06,65,100,1.36,48.99,new norfolk
37,PF,-17.73,-149.15,70,75,9.17,84.2,tautira
38,NZ,-46.19,168.86,90,85,1.61,48.0,mataura
39,OM,22.57,59.53,61,0,1.79,72.07,sur
40,AU,-42.88,147.33,57,90,6.93,51.8,hobart
41,CA,44.32,-80.65,74,100,5.01,43.0,markdale
42,ZA,-34.05,23.37,83,3,14.05,64.24,plettenberg bay
43,CI,4.42,-7.35,88,84,6.98,78.28,tabou
44,PF,-9.8,-139.03,73,85,19.33,79.14,atuona
45,NG,4.92,6.26,92,100,5.66,77.13,yenagoa
46,NC,-22.67,167.48,83,1,15.14,72.88,vao
47,ZW,-17.62,27.34,38,0,2.39,79.9,binga
48,CA,50.7,-127.42,100,90,3.36,42.8,port hardy
49,PT,39.05,-27.98,87,100,24.52,67.96,lagoa
50,MU,-20.41,57.7,73,40,9.17,73.4,mahebourg
51,RU,61.25,73.42,100,90,13.42,24.8,surgut
52,RU,59.45,112.56,95,74,1.52,17.38,vitim
53,NO,70.37,31.11,86,75,18.34,37.4,vardo
54,UY,-33.7,-53.46,93,100,15.73,59.95,chuy
55,US,19.73,-155.09,83,90,5.82,75.99,hilo
56,US,57.79,-152.41,45,1,17.22,48.2,kodiak
57,SB,-8.77,160.7,84,75,2.75,77.4,auki
58,CL,-22.47,-68.93,7,0,20.8,77.0,calama
59,US,41.37,-73.41,87,90,3.36,53.01,bethel
60,AU,-25.24,130.99,31,0,5.82,60.8,yulara
61,UZ,40.43,71.72,53,0,6.93,50.0,komsomolskiy
62,RU,64.38,-173.3,93,20,0.76,28.8,provideniya
63,IT,43.07,12.62,72,100,5.82,61.0,assisi
64,BR,-9.42,-41.13,46,75,13.87,91.4,casa nova
65,PH,17.42,121.44,89,98,0.92,74.26,tabuk
66,CL,-41.87,-73.82,100,90,17.22,52.0,ancud
67,GL,60.72,-46.03,28,75,14.99,46.4,qaqortoq
68,TL,-8.93,125.41,100,62,1.61,61.02,airai
69,VE,7.77,-72.22,46,40,4.7,91.4,san cristobal
70,SB,-8.14,159.59,80,100,1.59,78.76,buala
71,BR,-24.79,-50.01,69,100,7.72,73.17,castro
72,US,27.94,-82.29,59,75,9.17,91.4,brandon
73,IN,25.93,81.98,32,0,3.98,73.63,bela
74,ZA,-33.93,18.42,77,0,11.41,69.01,cape town
75,NO,67.67,12.69,87,75,23.04,48.2,sorland
76,US,42.1,-79.24,100,90,6.93,48.0,jamestown
77,RU,59.38,143.3,80,0,17.2,28.4,okhotsk
78,NE,19.75,10.25,20,0,6.51,72.86,agadez
79,PH,11.0,122.67,91,100,6.26,75.7,dingle
80,RU,53.05,158.65,100,100,4.9,37.4,petropavlovsk-kamchatskiy
81,RU,69.41,86.18,84,40,0.47,1.4,dudinka
82,ZA,-33.59,26.89,81,100,26.6,65.66,port alfred
83,CA,51.26,-80.61,74,90,8.05,28.4,moose factory
84,AR,-38.0,-57.56,32,0,8.05,66.2,mar del plata
85,SO,5.35,48.53,79,1,9.6,79.48,hobyo
86,AO,-9.66,20.39,91,100,2.46,68.02,saurimo
87,BR,-9.39,-38.0,22,40,8.05,98.6,delmiro gouveia
88,PE,-13.7,-76.22,68,0,8.05,69.8,pisco
89,MX,23.45,-110.22,66,0,8.99,79.0,todos santos
90,CA,49.78,-74.85,86,90,11.41,30.2,chapais
91,AU,-15.77,128.73,100,100,4.7,73.4,kununurra
92,RU,61.15,41.34,95,100,8.79,30.97,ust-shonosha
93,CA,63.75,-68.51,72,75,4.7,15.8,iqaluit
94,EC,-0.95,-80.73,69,75,11.41,80.6,manta
95,GB,55.53,-5.13,76,40,20.8,51.8,lamlash
96,NU,-19.06,-169.92,88,90,10.29,69.8,alofi
97,RU,50.68,156.12,85,93,2.71,43.07,severo-kurilsk
98,PT,32.67,-17.1,77,75,9.17,66.2,ponta do sol
99,ID,4.14,96.13,87,99,4.03,76.91,meulaboh
100,RU,43.06,44.74,93,0,4.47,44.6,oktyabrskoye
101,FR,44.89,1.22,95,0,4.43,45.0,sarlat-la-caneda
102,LY,30.33,10.85,25,0,11.59,69.64,nalut
103,BR,-22.97,-42.03,65,20,8.05,78.8,arraial do cabo
104,JP,35.5,134.23,68,2,5.66,54.03,tottori
105,KI,3.07,172.79,66,100,5.97,81.32,butaritari
106,ML,20.0,-3.0,11,0,5.59,91.27,tombouctou
107,MG,-25.17,45.05,88,0,3.27,67.68,beloha
108,MG,-25.17,46.08,84,0,5.64,70.66,ambovombe
109,RU,59.2,38.84,92,75,2.24,32.0,chebsara
110,CD,0.81,24.43,88,27,2.62,73.13,yangambi
111,CA,55.74,-97.86,58,75,10.29,26.6,thompson
112,GL,72.79,-56.15,80,95,4.54,17.26,upernavik
113,YE,15.17,44.32,34,1,4.0,54.03,sayyan
114,NZ,-46.6,168.33,90,98,0.94,48.0,bluff
115,MV,-0.6,73.08,67,0,6.89,83.16,hithadhoo
116,US,30.76,-86.57,61,75,3.83,84.2,crestview
117,CK,-21.21,-159.78,73,100,12.75,75.2,avarua
118,CA,51.23,-58.65,61,86,12.48,37.98,saint-augustin
119,PE,-5.09,-81.11,57,0,9.17,78.8,paita
120,AU,-24.87,113.63,94,0,19.46,69.8,carnarvon
121,GW,11.28,-15.83,81,0,12.3,83.16,bubaque
122,SL,7.88,-10.79,80,90,3.0,78.15,jojoima
123,BR,-8.01,-34.86,62,75,9.17,86.0,olinda
124,CA,60.75,-137.51,76,84,18.14,42.28,haines junction
125,GL,65.61,-37.64,47,100,16.11,33.8,tasiilaq
126,CA,69.45,-133.04,84,75,12.75,6.8,tuktoyaktuk
127,NZ,-46.28,169.85,85,99,1.99,50.0,kaitangata
128,JP,35.73,140.83,87,20,8.05,53.6,hasaki
129,EC,-0.74,-90.35,73,40,16.11,75.2,puerto ayora
130,ID,-3.7,128.18,89,100,5.39,82.99,ambon
131,RU,67.45,153.68,91,0,7.23,6.71,srednekolymsk
132,MG,-19.52,45.47,58,0,7.23,79.99,miandrivazo
133,BR,-8.9,-35.15,73,1,16.11,80.15,sao jose da coroa grande
134,BR,-20.33,-40.29,69,75,20.8,80.6,vila velha
135,CN,40.28,97.2,77,100,3.02,30.6,yumen
136,RU,69.38,178.42,98,100,5.84,26.13,leningradskiy
137,CA,53.83,-101.25,49,20,10.29,24.8,the pas
138,NO,70.86,29.09,86,20,21.92,33.8,berlevag
139,NP,27.67,85.33,93,40,3.36,60.8,patan
140,VU,-13.88,167.55,78,75,5.82,82.4,sola
141,SS,4.92,29.47,93,100,0.81,69.84,maridi
142,ID,0.8,127.4,76,83,2.59,80.69,ternate
143,KZ,43.65,51.2,81,0,8.95,44.6,aktau
144,MY,6.2,102.17,88,20,2.24,78.8,tumpat
145,US,34.64,-120.46,59,1,6.46,70.0,lompoc
146,RU,59.7,30.79,87,40,8.95,46.99,nikolskoye
147,US,45.02,-93.22,50,90,9.17,30.99,saint anthony
148,RU,63.01,112.47,87,75,1.63,10.76,chernyshevskiy
149,RU,59.18,61.86,96,100,14.56,26.04,sosva
150,RU,61.95,159.23,90,100,11.79,30.69,evensk
151,CD,-4.97,23.45,82,100,1.12,73.45,lusambo
152,PH,5.4,125.46,71,100,4.23,83.39,sarangani
153,NZ,-45.87,170.5,82,58,3.98,50.0,dunedin
154,BR,-30.18,-50.21,86,100,9.15,71.31,cidreira
155,MX,27.98,-114.06,51,4,16.69,73.31,guerrero negro
156,BR,-2.1,-56.49,33,70,4.68,99.59,terra santa
157,GL,77.48,-69.36,74,88,9.19,8.2,qaanaaq
158,GL,68.82,-51.19,67,75,5.82,19.4,qasigiannguit
159,BR,-13.94,-39.1,81,91,6.98,78.89,camamu
160,ZA,-33.01,17.94,59,49,5.82,66.2,saldanha
161,BR,-1.2,-46.02,66,96,9.33,85.19,carutapera
162,ES,42.78,-9.06,88,99,11.68,54.0,muros
163,UA,46.91,36.83,100,100,17.0,55.0,osypenko
164,MU,-20.52,57.52,73,40,9.17,73.4,souillac
165,NA,-26.65,15.16,70,0,20.13,62.51,luderitz
166,JP,28.37,129.48,77,20,4.7,66.2,naze
167,ID,-0.95,100.35,72,97,2.91,78.22,padang
168,RU,73.51,80.55,95,100,14.9,12.06,dikson
169,MR,20.93,-17.03,60,100,12.75,75.2,nouadhibou
170,IR,32.33,50.86,13,0,6.93,51.8,shahr-e kord
171,ML,20.2,1.01,14,0,8.77,83.89,tessalit
172,CL,-45.58,-72.07,50,40,14.99,55.4,coihaique
173,IN,21.53,84.73,63,0,2.53,70.27,deogarh
174,RE,-21.36,55.77,83,52,5.82,71.6,saint-philippe
175,AU,-23.13,150.73,94,40,4.7,69.8,yeppoon
176,TR,37.08,41.07,18,0,11.41,64.4,tall kayf
177,CA,62.46,-114.35,68,75,8.05,25.0,yellowknife
178,PK,28.58,65.42,30,0,0.63,57.06,kharan
179,RU,60.73,114.93,94,0,3.06,14.5,lensk
180,US,71.29,-156.79,92,75,3.36,17.6,barrow
181,GB,53.79,-1.75,81,40,17.22,48.2,bradford
182,US,39.18,-84.53,81,90,5.82,51.8,hamilton
183,AU,-20.32,118.57,88,81,11.41,69.8,port hedland
184,GL,60.92,-46.05,28,75,14.99,46.4,narsaq
185,NG,11.76,9.34,22,1,4.34,79.21,dutse
186,CA,65.28,-126.83,73,75,21.92,24.8,norman wells
187,RU,66.56,67.8,95,69,7.83,4.96,aksarka
188,RU,69.7,170.31,95,96,10.96,23.49,pevek
189,IN,11.67,92.75,82,28,5.17,79.56,port blair
190,SD,13.6,26.69,18,0,10.87,86.58,umm kaddadah
191,IS,63.86,-21.15,65,90,12.75,41.0,eyrarbakki
192,PE,-17.09,-71.76,62,20,7.96,68.54,cocachacra
193,ID,-7.95,110.28,87,100,7.56,76.75,bambanglipuro
194,RU,52.52,99.83,89,100,3.13,15.37,orlik
195,RU,69.3,139.9,87,51,4.23,-0.27,deputatskiy
196,GB,54.53,-1.3,71,40,14.99,50.0,thornaby
197,AU,-20.73,139.5,32,90,8.05,69.8,mount isa
198,RU,71.69,128.87,93,99,9.19,6.13,tiksi
199,ZM,-12.84,28.09,40,99,1.99,80.01,kalulushi
200,US,29.37,-99.77,57,90,12.75,77.0,uvalde
201,GH,4.88,-1.76,88,100,8.32,78.24,takoradi
202,CV,14.9,-24.5,70,100,12.1,82.2,sao filipe
203,RU,67.47,78.7,93,14,7.05,0.0,tazovskiy
204,US,35.62,-117.67,5,1,13.87,60.8,ridgecrest
205,UA,44.82,33.6,66,99,7.07,66.02,uhlove
206,US,39.01,-77.43,87,90,2.28,57.2,sterling
207,AO,-12.58,13.41,80,100,5.88,75.11,benguela
208,TC,21.46,-71.14,79,100,19.82,83.26,cockburn town
209,CG,1.64,18.07,85,24,0.6,73.9,impfondo
210,KZ,43.0,68.0,39,0,12.57,53.89,turkistan
211,RU,68.75,161.3,93,0,5.93,4.89,cherskiy
212,FO,62.23,-6.59,80,17,5.82,41.0,klaksvik
213,TH,14.88,103.49,87,100,3.94,73.99,surin
214,ID,5.56,95.32,75,94,11.74,80.02,banda aceh
215,PT,41.54,-8.62,93,20,3.36,55.4,barcelos
216,EG,26.73,33.94,65,0,3.94,80.6,safaga
217,MG,-21.22,48.33,79,0,4.27,70.79,mananjary
218,RU,53.94,139.92,97,5,2.26,26.56,mnogovershinnyy
219,UG,2.53,34.67,59,100,5.03,72.36,moroto
220,RU,70.63,147.92,96,100,11.68,8.01,chokurdakh
221,RU,68.05,39.51,86,100,29.57,37.09,ostrovnoy
222,US,30.05,-98.03,74,75,8.05,81.0,hays
223,EG,24.09,32.91,27,0,11.72,82.47,aswan
224,ZA,-28.52,27.01,74,100,13.02,62.69,winburg
225,SA,18.39,42.45,14,0,6.93,68.0,faya
226,PH,14.3,121.46,78,75,6.93,80.6,lumban
227,US,32.66,-114.41,11,1,23.04,60.8,fortuna foothills
228,RU,53.13,132.9,88,100,3.0,24.53,tokur
229,ES,42.22,-2.1,71,40,4.7,53.01,arnedo
230,CA,50.32,-122.8,55,20,1.12,32.0,pemberton
231,CN,30.95,113.55,100,2,4.14,59.0,yingcheng
232,KZ,49.71,72.59,46,40,29.08,50.0,shakhtinsk
233,PE,-11.95,-75.28,38,100,6.6,66.42,san jeronimo
234,ID,-3.37,135.48,88,11,3.78,74.57,nabire
235,BR,-10.44,-62.47,38,99,4.29,96.01,jaru
236,JP,26.35,127.87,82,1,8.05,73.4,gushikawa
237,NE,18.74,7.39,13,0,8.75,84.34,arlit
238,IT,40.56,8.32,93,75,4.7,57.2,alghero
239,US,41.28,-70.1,82,90,12.75,57.2,nantucket
240,UY,-34.67,-54.92,77,40,23.04,61.0,maldonado
241,NZ,-46.13,167.68,90,100,1.7,48.0,tuatapere
242,RU,60.38,92.63,95,28,2.64,15.96,teya
243,GL,60.14,-45.24,84,100,8.84,36.05,nanortalik
244,NO,71.04,27.85,85,0,13.87,32.0,mehamn
245,US,21.44,-157.84,88,20,1.34,78.8,ahuimanu
246,MZ,-16.23,39.91,78,0,6.49,77.72,angoche
247,UA,44.85,34.97,71,86,4.14,65.17,sudak
248,MX,23.65,-100.65,19,0,6.87,82.24,matehuala
249,JP,39.47,141.95,73,2,4.9,47.17,yamada
250,DO,18.42,-70.03,94,75,5.82,87.01,bajos de haina
251,MR,20.5,-10.07,11,0,8.1,91.67,adrar
252,PT,37.72,-25.43,82,20,19.46,68.0,vila franca do campo
253,IN,17.65,83.27,88,40,2.24,80.6,yarada
254,AU,-32.5,137.77,87,90,5.82,57.2,port augusta
255,ES,29.06,-13.56,69,20,14.99,73.4,teguise
256,RU,71.97,102.5,94,77,9.35,2.64,khatanga
257,NO,62.58,6.13,81,20,8.05,50.0,roald
258,CA,47.67,-52.73,38,40,13.87,42.01,torbay
259,PG,-2.57,150.8,68,100,6.78,82.63,kavieng
260,RU,65.85,44.24,96,100,12.5,26.73,mezen
261,ID,1.68,101.45,95,100,1.61,76.33,dumai
262,ZA,-23.3,30.72,34,0,4.36,78.48,giyani
263,MU,-20.34,57.76,73,40,9.17,73.99,bambous virieux
264,RU,65.44,52.15,96,100,3.0,16.68,ust-tsilma
265,SJ,78.22,15.64,79,75,11.41,23.0,longyearbyen
266,GB,54.08,-0.19,76,50,13.87,50.0,bridlington
267,BO,-10.98,-66.1,41,75,13.87,96.8,riberalta
268,CN,18.8,110.4,83,100,11.21,72.95,wanning
269,CA,45.98,-81.92,93,90,10.29,39.0,little current
270,FR,51.05,2.37,92,95,13.2,51.01,dunkirk
271,SO,10.44,45.01,46,0,5.03,82.0,berbera
272,GB,53.29,-3.73,88,29,10.0,51.01,colwyn bay
273,US,37.46,-122.43,7,1,21.92,66.99,half moon bay
274,SE,62.49,17.33,100,90,2.24,43.0,timra
275,JP,35.53,135.18,73,88,2.13,51.28,miyazu
276,US,36.21,-86.29,87,90,6.93,59.0,lebanon
277,RU,63.86,57.31,97,28,2.37,14.14,vuktyl
278,CA,68.22,-135.01,92,75,9.17,12.2,aklavik
279,UY,-34.48,-54.33,79,100,16.58,58.14,rocha
280,BR,-29.68,-53.81,95,99,11.9,65.41,santa maria
281,ID,-3.8,102.27,85,100,3.98,75.0,bengkulu
282,CN,36.85,115.71,43,100,8.86,59.25,linqing
283,IN,16.17,81.13,81,0,4.59,78.53,machilipatnam
284,MX,22.89,-109.91,45,5,8.05,90.0,cabo san lucas
285,US,40.53,-112.3,50,1,8.84,30.2,tooele
286,RU,67.8,130.41,84,100,2.28,6.58,batagay-alyta
287,UG,0.96,30.8,95,92,3.02,63.52,kagadi
288,PF,-16.48,-151.75,78,100,14.72,79.9,faanui
289,MG,-22.4,46.12,78,22,6.8,67.51,ihosy
290,CO,6.19,-67.49,61,94,6.8,90.37,puerto carreno
291,JP,26.59,127.98,82,1,8.05,69.8,nago
292,NG,10.61,12.19,31,17,3.94,76.42,biu
293,NO,64.86,11.24,70,0,6.93,44.6,rorvik
294,AU,-31.95,141.43,93,18,3.36,48.2,broken hill
295,IS,64.89,-23.71,79,100,15.5,40.51,olafsvik
296,BR,-1.76,-48.8,70,75,12.75,87.8,ipixuna
297,ZA,-34.0,24.73,91,100,8.01,64.0,kruisfontein
298,RU,54.13,51.53,92,0,11.65,30.49,isakly
299,AF,32.5,62.5,50,0,0.67,49.06,farah
300,PT,40.16,-8.33,80,88,1.92,57.99,lata
301,JP,33.73,135.98,68,14,5.95,53.24,shingu
302,GF,3.17,-52.32,48,99,5.03,91.35,camopi
303,RU,65.61,72.68,94,0,9.51,7.97,staryy nadym
304,IN,25.52,90.22,89,0,2.98,69.62,tura
305,MN,46.68,113.28,78,0,7.18,22.75,baruun-urt
306,MA,35.78,-5.81,59,0,4.7,60.8,tangier
307,US,45.52,-122.68,52,20,4.7,48.0,portland
308,PG,-6.22,155.63,77,50,2.3,78.15,kieta
309,JP,35.13,140.3,67,40,11.41,61.0,katsuura
310,NG,7.85,9.78,60,27,1.45,80.31,wukari
311,ML,16.41,-3.67,11,0,10.67,89.69,goundam
312,ZM,-14.56,30.81,36,39,11.48,83.37,nyimba
313,AL,40.6,19.73,80,0,3.22,58.42,ballsh
314,LY,29.03,21.55,50,10,6.89,72.27,jalu
315,AI,18.22,-63.06,70,20,16.11,86.0,the valley
316,JP,26.12,127.67,69,20,9.17,73.4,itoman
317,NO,70.66,23.68,74,0,17.22,37.4,hammerfest
318,CA,66.15,-65.71,79,75,6.93,19.4,pangnirtung
319,CA,54.43,-124.25,91,100,2.91,34.09,fort saint james
320,IN,8.71,77.39,79,75,4.7,84.2,vikramasingapuram
321,CA,50.2,-66.38,83,90,4.7,33.01,sept-iles
322,BR,-7.71,-66.98,38,99,1.9,96.64,pauini
323,BR,-26.24,-51.08,80,100,2.89,72.91,porto uniao
324,MU,-20.01,57.66,74,0,7.0,73.99,grand gaube
325,CA,47.43,-72.78,92,100,7.25,34.21,la tuque
326,US,55.34,-131.65,100,90,17.22,51.8,ketchikan
327,CL,-41.77,-73.13,87,90,20.8,50.0,calbuco
328,TR,40.59,36.95,25,0,5.55,67.46,niksar
329,MX,18.73,-103.68,74,40,5.46,82.4,coahuayana
330,CD,-3.32,17.37,96,100,2.62,71.98,bandundu
331,JP,34.34,132.59,76,5,5.82,55.4,kumano
332,IS,64.25,-15.21,59,0,11.41,37.4,hofn
333,LR,5.88,-10.05,87,100,8.34,78.87,buchanan
334,US,64.84,-147.72,92,90,6.06,30.2,fairbanks
335,LK,6.04,80.22,88,10,6.6,78.84,galle
336,GL,61.99,-49.67,90,100,32.82,32.67,paamiut
337,PT,33.08,-16.33,68,40,9.17,66.2,camacha
338,IN,26.9,83.84,100,5,1.12,66.2,ramkola
339,CO,1.2,-70.17,51,100,1.19,91.33,mitu
340,MU,-20.21,57.76,73,40,9.17,73.99,quatre cocos
341,UA,46.23,34.64,80,95,14.05,62.1,novooleksiyivka
342,SO,9.41,45.06,19,0,15.93,74.48,odweyne
343,RU,45.05,136.61,72,0,6.08,40.39,terney
344,PF,-17.57,-149.87,70,75,9.17,84.2,haapiti
345,US,59.64,-151.55,75,90,26.4,45.0,homer
346,CL,-37.62,-73.65,67,100,7.81,54.73,lebu
347,AU,-32.72,152.15,100,90,10.29,60.01,nelson bay
348,AF,30.15,62.6,31,0,0.85,57.02,rudbar
349,RU,71.92,114.08,93,98,5.88,4.06,saskylakh
350,IN,27.92,96.17,62,1,3.06,71.92,tezu
351,RU,55.1,80.96,92,100,13.8,42.91,chulym
352,CN,41.12,80.26,49,29,3.91,46.08,aksu
353,AU,-33.87,121.9,87,0,8.05,57.2,esperance
354,CA,54.32,-130.32,87,90,14.99,50.0,prince rupert
355,MX,16.86,-99.89,79,90,2.24,86.0,acapulco
356,ID,-8.19,114.97,83,20,5.82,80.6,banjar
357,NO,69.01,23.04,98,95,8.21,31.32,kautokeino
358,MX,27.58,-109.97,45,20,5.82,82.4,cocorit
359,MX,23.17,-97.95,48,0,1.99,90.0,nuevo progreso
360,AU,-31.93,115.83,93,40,4.7,63.0,perth
361,TH,6.33,101.25,86,100,2.98,73.08,yala
362,EG,26.77,31.5,33,0,3.36,77.0,tahta
363,IN,10.57,72.64,71,81,6.13,82.58,kavaratti
364,IL,31.61,34.76,100,0,2.42,77.0,gat
365,FI,60.12,24.44,90,100,1.01,50.0,kirkkonummi
366,LY,29.16,16.14,38,0,9.71,73.13,waddan
367,AU,-28.87,153.57,82,90,11.41,66.2,ballina
368,GA,1.6,11.58,96,100,2.91,70.83,oyem
369,CO,10.99,-74.95,88,40,4.7,80.6,puerto colombia
370,AR,-38.72,-62.27,17,0,10.63,78.57,bahia blanca
371,RU,59.53,33.92,92,100,8.55,44.53,senno
372,RU,63.05,179.32,92,0,1.3,30.67,beringovskiy
373,GL,69.22,-51.1,67,75,5.82,19.4,ilulissat
374,KG,42.34,78.01,57,100,11.52,41.5,kyzyl-suu
375,FR,49.63,-1.64,87,40,18.01,50.0,octeville
376,CA,54.77,-101.86,62,5,9.17,23.0,flin flon
377,CA,49.22,-68.15,55,90,3.36,35.6,baie-comeau
378,PH,14.05,124.17,85,100,6.44,78.53,pandan
379,BR,-3.74,-38.65,70,20,13.87,84.2,caucaia
380,US,64.5,-165.41,74,90,5.82,35.6,nome
381,RU,65.01,53.91,96,3,1.61,15.84,izhma
382,CA,48.65,-53.11,49,100,8.99,42.01,bonavista
383,PG,-2.67,141.3,75,11,1.48,76.05,vanimo
384,IT,38.04,14.02,66,0,6.02,64.0,cefalu
385,RU,61.38,152.75,95,100,5.7,19.71,talaya
386,ID,-1.4,120.75,71,100,4.14,81.0,poso
387,BR,-16.56,-42.89,62,0,5.61,80.96,grao mogol
388,CN,32.94,117.36,80,83,3.18,56.48,bengbu
389,TD,12.18,18.69,20,61,4.23,83.44,mongo
390,RU,66.08,33.04,93,100,13.85,44.4,loukhi
391,TR,40.67,31.58,72,1,1.12,56.34,bolu
392,BR,-19.63,-43.89,48,40,6.93,84.2,lagoa santa
393,AU,-28.77,114.6,93,40,10.25,55.4,geraldton
394,TH,19.3,97.97,78,2,0.78,71.74,mae hong son
395,EC,0.6,-80.03,74,75,10.29,84.2,muisne
396,PT,38.7,-9.42,73,100,8.48,59.0,cascais
397,MR,20.52,-13.05,11,4,10.65,94.01,atar
398,EG,27.27,31.15,53,0,11.41,75.2,abnub
399,RU,42.73,133.08,61,100,5.5,45.97,vrangel
400,US,38.89,-76.51,100,90,5.82,60.01,mayo
401,KI,1.33,172.98,78,75,3.36,78.8,bairiki
402,AR,-24.79,-65.41,41,40,5.82,77.0,salta
403,AU,-28.65,153.62,82,90,11.41,66.2,byron bay
404,PH,14.31,121.11,78,75,6.93,80.6,santa rosa
405,NZ,-35.17,173.17,92,26,4.12,60.87,ahipara
406,IT,42.45,13.93,37,100,8.05,69.8,penne
407,AO,-8.42,20.74,92,100,2.77,69.4,lucapa
408,RU,65.7,82.47,91,0,9.73,0.34,krasnoselkup
409,BG,42.02,23.1,84,0,1.88,50.0,blagoevgrad
410,PG,-6.22,149.55,84,100,3.8,77.52,kandrian
411,CN,32.46,114.05,54,74,2.66,62.17,minggang
412,US,40.6,-124.16,25,1,3.36,66.0,fortuna
413,MM,16.77,96.24,94,75,8.05,78.8,syriam
414,FI,66.71,27.43,96,100,9.48,40.33,kemijarvi
415,KY,19.37,-81.42,74,40,10.29,86.0,west bay
416,AO,-15.2,12.15,78,78,5.88,69.66,namibe
417,PY,-23.49,-58.8,64,92,10.96,79.83,pozo colorado
418,CA,54.15,-115.69,91,75,4.7,32.0,whitecourt
419,CN,30.42,103.46,82,40,2.44,68.0,linqiong
420,PF,-22.43,-151.33,82,100,20.74,73.09,moerai
421,VE,11.03,-63.86,72,0,13.04,83.44,la asuncion
422,ML,11.09,-6.89,33,94,1.74,80.35,kolondieba
423,TO,-19.8,-174.35,88,75,13.87,75.2,pangai
424,US,30.37,-88.56,65,1,3.36,80.6,pascagoula
425,US,64.86,-147.8,92,90,6.93,30.2,college
426,KZ,51.67,75.37,51,95,16.08,48.9,ekibastuz
427,OM,17.02,54.09,61,0,5.82,78.8,salalah
428,BR,-5.2,-35.46,62,40,13.87,86.0,touros
429,AR,-35.66,-63.76,22,0,3.0,77.05,general pico
430,CN,35.81,114.32,40,100,6.06,61.21,yigou
431,BR,-9.17,-60.63,32,71,3.96,99.3,aripuana
432,CO,5.49,-70.41,62,31,7.27,89.62,la primavera
433,AR,-31.42,-64.5,21,0,1.01,82.99,villa carlos paz
434,PF,-16.78,-151.5,77,95,14.83,80.73,tevaitoa
435,NA,-22.96,14.51,82,0,5.82,59.0,walvis bay
436,MX,15.7,-93.23,64,96,5.86,86.67,pijijiapan
437,IN,27.02,95.57,95,0,2.71,64.04,khonsa
438,AR,-38.55,-58.74,49,0,6.4,62.74,necochea
439,RU,54.43,113.6,86,0,5.95,16.18,bagdarin
440,PK,25.21,64.64,52,0,7.94,76.08,ormara
441,RU,64.75,177.48,92,40,4.47,15.8,anadyr
442,MV,0.53,72.93,70,73,8.39,82.96,thinadhoo
443,IN,16.73,82.22,85,0,2.35,76.64,yanam
444,AU,-38.27,141.97,72,73,12.44,48.63,codrington
445,AR,-34.65,-58.62,35,0,10.29,73.99,moron
446,MX,27.97,-110.82,51,5,11.48,82.4,empalme
447,ZA,-28.34,31.42,82,100,3.04,64.6,ulundi
448,AF,30.44,61.84,44,0,1.81,55.87,mirabad
449,PH,12.18,125.51,82,100,9.31,80.28,san policarpo
450,BR,-3.9,-38.39,70,20,13.87,84.2,aquiraz
451,BR,-11.44,-61.45,32,97,5.57,98.87,cacoal
452,NC,-22.28,166.46,82,0,3.36,66.2,noumea
453,AR,-51.62,-69.22,17,40,28.86,64.4,rio gallegos
454,CM,6.52,14.3,78,99,2.8,68.59,meiganga
455,CD,-4.85,21.57,91,44,2.35,70.34,mweka
456,MX,17.52,-91.97,71,36,7.07,83.35,palenque
457,NZ,-45.42,167.72,80,69,2.98,43.56,te anau
458,CA,54.78,-127.17,86,75,3.8,26.6,smithers
459,US,35.53,-108.74,86,90,12.75,26.6,gallup
460,RU,53.23,78.98,69,100,19.64,46.85,galbshtadt
461,SE,56.83,13.94,100,75,4.7,50.0,ljungby
462,MZ,-23.86,35.38,83,20,3.36,77.0,inhambane
463,RU,62.67,131.17,93,100,4.27,16.83,borogontsy
464,BB,13.22,-59.52,70,40,11.41,87.8,bathsheba
465,TH,12.5,102.5,89,100,2.8,72.63,trat
466,TZ,-2.52,32.9,78,75,17.22,75.2,mwanza
467,BR,2.82,-60.67,39,40,10.29,96.8,boa vista
468,AU,-27.18,151.27,89,26,6.71,62.01,dalby
469,CA,55.28,-114.77,86,75,9.17,32.0,slave lake
470,NI,12.34,-83.67,75,40,4.7,89.6,laguna de perlas
471,NO,70.63,29.72,83,75,17.22,33.8,batsfjord
472,PK,28.89,64.41,30,0,0.4,55.96,dalbandin
473,ZA,-23.66,27.74,28,100,8.08,78.82,ellisras
474,MV,6.62,73.07,75,50,5.73,82.47,kulhudhuffushi
475,BR,-9.67,-35.74,70,20,16.11,84.2,maceio
476,US,20.89,-156.47,61,20,5.82,80.6,kahului
477,PG,-2.02,147.27,75,100,3.65,80.22,lorengau
478,AU,-20.02,148.23,88,75,2.24,71.6,bowen
479,BR,-23.37,-50.84,64,75,11.41,75.2,assai
480,US,44.37,-100.35,61,1,8.05,14.0,pierre
481,MZ,-25.05,33.64,87,0,9.22,72.86,xai-xai
482,BR,-21.64,-41.05,78,75,9.17,77.0,sao joao da barra
483,IS,63.84,-22.43,86,75,17.22,41.0,grindavik
484,ID,1.05,101.28,88,20,1.1,77.0,balaipungut
485,GA,0.39,9.45,88,20,3.36,78.8,libreville
486,MY,1.24,111.46,100,100,2.24,71.6,sri aman
487,RU,63.9,122.76,92,99,7.11,8.64,kysyl-syr
488,IR,36.25,46.27,56,0,2.68,44.4,saqqez
489,PG,-9.08,143.21,86,39,7.23,77.81,daru
490,ID,-3.54,118.97,82,98,3.22,78.31,majene
491,HK,22.29,114.16,82,57,1.99,75.0,victoria
492,ID,-0.87,134.08,74,0,5.01,79.0,manokwari
493,SA,18.22,42.51,14,0,6.93,68.0,abha
494,BR,-2.92,-39.92,66,0,15.64,83.62,itarema
495,CA,43.9,-78.85,87,90,6.93,45.0,oshawa
496,RU,55.19,44.12,93,0,2.95,32.76,shatki
497,US,36.21,-115.98,8,0,21.0,54.0,pahrump
498,MV,2.67,72.89,76,13,7.9,82.58,kudahuvadhoo
499,ZW,-20.19,32.62,51,0,9.66,67.69,chipinge
500,RU,67.57,30.48,98,100,4.16,35.82,kovdor
501,SE,62.63,17.94,100,90,2.24,43.0,harnosand
502,JM,17.89,-77.59,80,99,17.18,80.98,bull savanna
503,BR,1.0,-52.0,34,100,3.94,95.02,amapa
504,CL,-28.57,-70.76,17,0,9.98,84.72,vallenar
505,MM,20.15,92.9,82,8,2.53,79.7,akyab
506,NG,5.52,5.75,89,100,3.42,77.7,warri
507,TM,42.06,59.38,62,0,4.7,55.4,akdepe
508,RE,-21.34,55.48,83,41,5.82,71.6,saint-pierre
509,AR,-40.81,-63.0,14,15,10.0,82.0,viedma
510,RU,66.77,123.37,91,100,12.59,-1.32,zhigansk
511,SO,9.49,50.81,76,98,15.95,76.78,bandarbeyla
512,US,43.77,-88.44,69,20,11.41,35.6,fond du lac
513,EE,58.65,25.04,99,100,1.01,48.99,vandra
514,US,42.54,-72.54,96,100,1.9,46.0,montague
515,ID,-8.65,115.22,83,20,5.82,80.6,denpasar
516,GB,51.38,1.39,78,100,1.99,51.01,margate
517,RU,65.58,-171.0,92,27,4.54,30.16,lavrentiya
518,RU,68.0,35.01,97,100,7.38,36.41,lovozero
519,ES,28.5,-13.86,73,20,17.22,71.6,puerto del rosario
520,RU,58.96,126.29,96,100,8.59,24.57,tommot
521,MX,16.52,-98.75,69,100,8.16,85.8,tecoanapa
522,BW,-22.32,27.83,32,0,6.93,82.4,mogapi
523,US,36.62,-121.92,15,1,10.29,66.99,pacific grove
524,BR,-15.23,-59.34,45,63,7.74,92.25,pontes e lacerda
525,CD,-3.48,23.43,91,69,1.23,72.82,lodja
526,RU,66.32,-179.17,95,100,1.32,20.23,egvekinot
527,GE,41.99,45.02,82,0,2.24,57.2,sioni
528,AU,-31.43,152.92,95,97,13.18,57.0,port macquarie
529,RU,56.41,103.11,89,90,5.7,22.51,vidim
530,CN,48.0,122.72,84,5,12.57,33.31,zalantun
531,ID,-0.22,100.63,86,100,3.42,69.15,payakumbuh
532,GF,5.38,-52.95,69,0,10.49,85.06,sinnamary
533,MR,18.09,-15.98,7,0,12.75,98.6,nouakchott
534,RU,61.07,50.1,97,88,2.84,24.57,vizinga
535,US,28.02,-97.52,62,75,20.8,89.01,san patricio
536,PA,8.02,-80.98,83,100,11.68,82.35,la colorada
537,PE,-10.07,-78.15,65,100,11.63,70.79,huarmey
538,CN,25.8,113.03,88,54,1.66,60.53,chenzhou
539,RU,50.93,119.29,92,100,14.67,29.59,kadaya
540,ID,1.74,98.78,81,100,3.27,76.03,sibolga
541,MX,15.74,-96.47,66,75,8.05,89.01,pochutla
542,LR,4.38,-7.72,89,98,7.02,77.86,harper
543,GB,58.97,-3.3,87,75,10.22,48.2,stromness
544,AU,-37.83,140.77,87,100,11.41,46.4,mount gambier
545,MV,6.88,73.1,73,2,6.08,82.49,dhidhdhoo
546,RU,62.0,132.43,91,100,4.52,13.66,churapcha
547,GF,4.93,-52.33,62,18,14.99,87.8,cayenne
